{"cameraMode":{"drawMode":0,"name":"Shaded","section":"Shading Mode"},"sceneLighting":false,"audioPlay":false,"sceneViewState":{"showFog":true,"showMaterialUpdate":true,"showSkybox":false,"showFlares":true,"showImageEffects":true,"showParticleSystems":true},"in2DMode":false,"pivot":{"x":68.53250122070313,"y":0.5899999141693115,"z":8.387499809265137},"rotation":{"x":-0.017682107165455819,"y":-0.02999640442430973,"z":-0.0005245722713880241,"w":0.9994257688522339},"size":3.3622684478759767,"orthographic":false}