{"cameraMode":{"drawMode":0,"name":"Shaded","section":"Shading Mode"},"sceneLighting":false,"audioPlay":false,"sceneViewState":{"showFog":true,"showMaterialUpdate":true,"showSkybox":false,"showFlares":true,"showImageEffects":true,"showParticleSystems":true},"in2DMode":false,"pivot":{"x":40.26145935058594,"y":8.867104530334473,"z":131.77072143554688},"rotation":{"x":0.1257241666316986,"y":-0.01962164044380188,"z":0.002467718441039324,"w":0.9918709397315979},"size":0.8961203694343567,"orthographic":false}