{"cameraMode":{"drawMode":0,"name":"Shaded","section":"Shading Mode"},"sceneLighting":false,"audioPlay":false,"sceneViewState":{"showFog":true,"showMaterialUpdate":true,"showSkybox":false,"showFlares":true,"showImageEffects":true,"showParticleSystems":true},"in2DMode":false,"pivot":{"x":1.017249584197998,"y":-0.25956594944000246,"z":0.5845229625701904},"rotation":{"x":0.1257241666316986,"y":-0.01962164044380188,"z":0.002467718441039324,"w":0.9918709397315979},"size":0.6956170201301575,"orthographic":false}