{"cameraMode":{"drawMode":0,"name":"Shaded","section":"Shading Mode"},"sceneLighting":false,"audioPlay":false,"sceneViewState":{"showFog":true,"showMaterialUpdate":false,"showSkybox":false,"showFlares":true,"showImageEffects":true,"showParticleSystems":true},"in2DMode":false,"pivot":{"x":282.9307861328125,"y":636.5098266601563,"z":-28.6937255859375},"rotation":{"x":0.020681750029325486,"y":0.026088451966643335,"z":0.0005397944478318095,"w":-0.9994457960128784},"size":412.22747802734377,"orthographic":false}