{"cameraMode":{"drawMode":0,"name":"Shaded","section":"Shading Mode"},"sceneLighting":false,"audioPlay":false,"sceneViewState":{"showFog":true,"showMaterialUpdate":true,"showSkybox":false,"showFlares":true,"showImageEffects":true,"showParticleSystems":true},"in2DMode":false,"pivot":{"x":1.7633589506149293,"y":0.01535654067993164,"z":-0.008813396096229554},"rotation":{"x":-0.03290661796927452,"y":0.019211545586586,"z":0.000613461306784302,"w":0.9992770552635193},"size":0.4603845477104187,"orthographic":false}