{"cameraMode":{"drawMode":0,"name":"Shaded","section":"Shading Mode"},"sceneLighting":false,"audioPlay":false,"sceneViewState":{"showFog":true,"showMaterialUpdate":true,"showSkybox":false,"showFlares":true,"showImageEffects":true,"showParticleSystems":true},"in2DMode":false,"pivot":{"x":11.298999786376954,"y":3.9827880859375,"z":-1.0507125854492188},"rotation":{"x":-0.017682107165455819,"y":-0.02999640442430973,"z":-0.0005245722713880241,"w":0.9994257688522339},"size":2.116896629333496,"orthographic":false}