{"cameraMode":{"drawMode":0,"name":"Shaded","section":"Shading Mode"},"sceneLighting":false,"audioPlay":false,"sceneViewState":{"showFog":true,"showMaterialUpdate":true,"showSkybox":false,"showFlares":true,"showImageEffects":true,"showParticleSystems":true},"in2DMode":false,"pivot":{"x":9.851694107055664,"y":-8.129416465759278,"z":5.107410430908203},"rotation":{"x":0.06560352444648743,"y":0.03501473367214203,"z":0.002297711791470647,"w":-0.9972507357597351},"size":1.5304062366485596,"orthographic":false}