{"cameraMode":{"drawMode":0,"name":"Shaded","section":"Shading Mode"},"sceneLighting":false,"audioPlay":false,"sceneViewState":{"showFog":true,"showMaterialUpdate":true,"showSkybox":false,"showFlares":true,"showImageEffects":true,"showParticleSystems":true},"in2DMode":false,"pivot":{"x":1.180716872215271,"y":-0.5765107870101929,"z":-0.007345154881477356},"rotation":{"x":0.1257241666316986,"y":-0.01962164044380188,"z":0.002467718441039324,"w":0.9918709397315979},"size":0.7650591135025024,"orthographic":false}