{"cameraMode":{"drawMode":0,"name":"Shaded","section":"Shading Mode"},"sceneLighting":false,"audioPlay":false,"sceneViewState":{"showFog":true,"showMaterialUpdate":true,"showSkybox":true,"showFlares":true,"showImageEffects":true,"showParticleSystems":true},"in2DMode":false,"pivot":{"x":43.168907165527347,"y":35.254425048828128,"z":-31.975650787353517},"rotation":{"x":0.2762816548347473,"y":-0.0650828555226326,"z":0.01873624138534069,"w":0.9586941599845886},"size":21.73944091796875,"orthographic":false}