{"cameraMode":{"drawMode":0,"name":"Shaded","section":"Shading Mode"},"sceneLighting":false,"audioPlay":false,"sceneViewState":{"showFog":true,"showMaterialUpdate":true,"showSkybox":false,"showFlares":true,"showImageEffects":true,"showParticleSystems":true},"in2DMode":false,"pivot":{"x":70.47523498535156,"y":-1.0892486572265626,"z":19.222875595092775},"rotation":{"x":0.054126519709825519,"y":0.07631126046180725,"z":-0.00414331816136837,"w":0.9956392645835877},"size":8.269760131835938,"orthographic":false}