{"cameraMode":{"drawMode":0,"name":"Shaded","section":"Shading Mode"},"sceneLighting":false,"audioPlay":false,"sceneViewState":{"showFog":true,"showMaterialUpdate":true,"showSkybox":true,"showFlares":true,"showImageEffects":true,"showParticleSystems":true},"in2DMode":false,"pivot":{"x":111.2187271118164,"y":4.119217872619629,"z":-2.9577999114990236},"rotation":{"x":0.1197221651673317,"y":-0.034522488713264468,"z":0.004146498162299395,"w":0.9922009706497192},"size":8.806169509887696,"orthographic":false}