{"cameraMode":{"drawMode":0,"name":"Shaded","section":"Shading Mode"},"sceneLighting":false,"audioPlay":false,"sceneViewState":{"showFog":true,"showMaterialUpdate":true,"showSkybox":true,"showFlares":true,"showImageEffects":true,"showParticleSystems":true},"in2DMode":false,"pivot":{"x":408.11822509765627,"y":-12.883522033691407,"z":5.786613464355469},"rotation":{"x":0.3026534616947174,"y":0.044298913329839709,"z":-0.014073354192078114,"w":0.9519952535629273},"size":21.131559371948243,"orthographic":false}