{"cameraMode":{"drawMode":0,"name":"Shaded","section":"Shading Mode"},"sceneLighting":false,"audioPlay":false,"sceneViewState":{"showFog":true,"showMaterialUpdate":true,"showSkybox":false,"showFlares":true,"showImageEffects":true,"showParticleSystems":true},"in2DMode":false,"pivot":{"x":18.072763442993165,"y":-0.7558366656303406,"z":-0.39847755432128909},"rotation":{"x":0.00930668506771326,"y":-0.025501638650894166,"z":0.00024399063840974122,"w":0.9996646642684937},"size":2.7326648235321047,"orthographic":false}