{"cameraMode":{"drawMode":0,"name":"Shaded","section":"Shading Mode"},"sceneLighting":false,"audioPlay":false,"sceneViewState":{"showFog":true,"showMaterialUpdate":true,"showSkybox":true,"showFlares":true,"showImageEffects":true,"showParticleSystems":true},"in2DMode":false,"pivot":{"x":1515.24755859375,"y":939.5663452148438,"z":-20.74951171875},"rotation":{"x":0.0030810185708105566,"y":-0.0257747583091259,"z":0.0000604971319262404,"w":0.9996691346168518},"size":1447.14794921875,"orthographic":false}