{"cameraMode":{"drawMode":0,"name":"Shaded","section":"Shading Mode"},"sceneLighting":false,"audioPlay":false,"sceneViewState":{"showFog":true,"showMaterialUpdate":true,"showSkybox":false,"showFlares":true,"showImageEffects":true,"showParticleSystems":true},"in2DMode":false,"pivot":{"x":76.91000366210938,"y":3.1399998664855959,"z":7.323050498962402},"rotation":{"x":-0.017682107165455819,"y":-0.02999640442430973,"z":-0.0005245722713880241,"w":0.9994257688522339},"size":2.64505934715271,"orthographic":false}