{"cameraMode":{"drawMode":0,"name":"Shaded","section":"Shading Mode"},"sceneLighting":false,"audioPlay":false,"sceneViewState":{"showFog":true,"showMaterialUpdate":true,"showSkybox":true,"showFlares":true,"showImageEffects":true,"showParticleSystems":true},"in2DMode":false,"pivot":{"x":400.84600830078127,"y":0.4300000071525574,"z":-5.809999942779541},"rotation":{"x":0.1257241666316986,"y":-0.01962164044380188,"z":0.002467718441039324,"w":0.9918709397315979},"size":4.996061325073242,"orthographic":false}