{"cameraMode":{"drawMode":0,"name":"Shaded","section":"Shading Mode"},"sceneLighting":false,"audioPlay":false,"sceneViewState":{"showFog":true,"showMaterialUpdate":true,"showSkybox":false,"showFlares":true,"showImageEffects":true,"showParticleSystems":true},"in2DMode":false,"pivot":{"x":10.273285865783692,"y":0.5170000791549683,"z":-4.474948883056641},"rotation":{"x":0.033064521849155429,"y":0.025205478072166444,"z":-0.0008530167397111654,"w":0.9991363883018494},"size":1.4516034126281739,"orthographic":false}