{"cameraMode":{"drawMode":0,"name":"Shaded","section":"Shading Mode"},"sceneLighting":false,"audioPlay":false,"sceneViewState":{"showFog":true,"showMaterialUpdate":false,"showSkybox":false,"showFlares":true,"showImageEffects":true,"showParticleSystems":true},"in2DMode":false,"pivot":{"x":0.0,"y":0.87711501121521,"z":0.0040686726570129398},"rotation":{"x":-0.25968489050865176,"y":0.028093935921788217,"z":-0.0075582400895655159,"w":-0.9652552604675293},"size":0.6232131123542786,"orthographic":false}