{"cameraMode":{"drawMode":0,"name":"Shaded","section":"Shading Mode"},"sceneLighting":false,"audioPlay":false,"sceneViewState":{"showFog":true,"showMaterialUpdate":true,"showSkybox":false,"showFlares":true,"showImageEffects":true,"showParticleSystems":true},"in2DMode":false,"pivot":{"x":9.597713470458985,"y":-10.4519681930542,"z":59.75226593017578},"rotation":{"x":0.07935471087694168,"y":-0.06005195528268814,"z":0.004769863095134497,"w":0.9950273036956787},"size":1.3344292640686036,"orthographic":false}