{"cameraMode":{"drawMode":0,"name":"Shaded","section":"Shading Mode"},"sceneLighting":false,"audioPlay":false,"sceneViewState":{"showFog":true,"showMaterialUpdate":true,"showSkybox":true,"showFlares":true,"showImageEffects":true,"showParticleSystems":true},"in2DMode":false,"pivot":{"x":91.99461364746094,"y":9.008572578430176,"z":7.947427749633789},"rotation":{"x":-0.12587104737758637,"y":0.040757760405540469,"z":-0.005181849002838135,"w":-0.9912177324295044},"size":28.022966384887697,"orthographic":false}