{"cameraMode":{"drawMode":0,"name":"Shaded","section":"Shading Mode"},"sceneLighting":false,"audioPlay":false,"sceneViewState":{"showFog":true,"showMaterialUpdate":true,"showSkybox":false,"showFlares":true,"showImageEffects":true,"showParticleSystems":true},"in2DMode":false,"pivot":{"x":129.44000244140626,"y":12.623560905456543,"z":-48.5099983215332},"rotation":{"x":0.06560352444648743,"y":0.03501473367214203,"z":0.002297711791470647,"w":-0.9972507357597351},"size":1.0065046548843384,"orthographic":false}