{"cameraMode":{"drawMode":0,"name":"Shaded","section":"Shading Mode"},"sceneLighting":false,"audioPlay":false,"sceneViewState":{"showFog":true,"showMaterialUpdate":true,"showSkybox":false,"showFlares":true,"showImageEffects":true,"showParticleSystems":true},"in2DMode":false,"pivot":{"x":-0.014641106128692627,"y":0.5383565425872803,"z":-0.008813396096229554},"rotation":{"x":-0.03290661796927452,"y":0.019211545586586,"z":0.000613461306784302,"w":0.9992770552635193},"size":0.46038445830345156,"orthographic":false}