{"cameraMode":{"drawMode":0,"name":"Shaded","section":"Shading Mode"},"sceneLighting":false,"audioPlay":false,"sceneViewState":{"showFog":true,"showMaterialUpdate":true,"showSkybox":false,"showFlares":true,"showImageEffects":true,"showParticleSystems":true},"in2DMode":false,"pivot":{"x":3.734905242919922,"y":1.0386321544647217,"z":2.4256134033203127},"rotation":{"x":-0.017682107165455819,"y":-0.02999640442430973,"z":-0.0005245722713880241,"w":0.9994257688522339},"size":6.616898059844971,"orthographic":false}