{"cameraMode":{"drawMode":0,"name":"Shaded","section":"Shading Mode"},"sceneLighting":false,"audioPlay":false,"sceneViewState":{"showFog":true,"showMaterialUpdate":true,"showSkybox":false,"showFlares":true,"showImageEffects":true,"showParticleSystems":true},"in2DMode":false,"pivot":{"x":3.4218878746032717,"y":-9.621740341186524,"z":14.972850799560547},"rotation":{"x":-0.055776748806238177,"y":-0.01288384199142456,"z":0.0007202417473308742,"w":-0.9983677864074707},"size":2.4288129806518556,"orthographic":false}