{"cameraMode":{"drawMode":0,"name":"Shaded","section":"Shading Mode"},"sceneLighting":false,"audioPlay":false,"sceneViewState":{"showFog":true,"showMaterialUpdate":true,"showSkybox":false,"showFlares":true,"showImageEffects":true,"showParticleSystems":true},"in2DMode":false,"pivot":{"x":0.41641712188720705,"y":-2.1420769691467287,"z":17.566347122192384},"rotation":{"x":0.1257241666316986,"y":-0.01962164044380188,"z":0.002467718441039324,"w":0.9918709397315979},"size":0.44595569372177126,"orthographic":false}